"000:00:00.000","Info","2019-07-01 00:23:16","Service 'ORAMAG' : Execution start"
"000:00:00.000","Info","Subject Identification","a7197 a7271 a7557 a8106"
"000:00:00.000","Info","Apparatus","Zantiks Unit"
"000:00:00.000","Info","Unit ID","C80C8B"
"000:35:30.837","","","","BASELINE","UNIT1","VARIABLE","ARENA1_ZONE1_ORACS","ARENA1_ZONE2_MAGNON","ARENA2_ZONE1_ORACS","ARENA2_ZONE2_MAGNON","ARENA3_ZONE1_ORACS","ARENA3_ZONE2_MAGNON","ARENA4_ZONE1_ORACS","ARENA4_ZONE2_MAGNON"
"000:35:30.838","","","","","","ZONE_DISTANCES",17663,18245,26943,5136,15408,14144,16059,20412
"000:35:30.838","","","","","","ZONE_TIMERS",151.743,148.306,255.496,44.554,162.987,137.063,127.667,172.383
"000:35:30.839","","","","","","ZONE_COUNTERS",50,49,26,25,37,37,44,44
"000:35:30.839","","","","","","","ARENA1","ARENA2","ARENA3","ARENA4"
"000:35:30.839","","","","","","TOTAL_ARENA_DISTANCES",35907,32079,29552,36471
"000:40:30.928","","","","BASELINE","UNIT2","VARIABLE","ARENA1_ZONE1_MAGNON","ARENA1_ZONE2_ORACS","ARENA2_ZONE1_MAGNON","ARENA2_ZONE2_ORACS","ARENA3_ZONE1_MAGNON","ARENA3_ZONE2_ORACS","ARENA4_ZONE1_MAGNON","ARENA4_ZONE2_ORACS"
"000:40:30.928","","","","","","ZONE_DISTANCES",8496,22096,8262,29324,8445,17697,12427,22020
"000:40:30.928","","","","","","ZONE_TIMERS",62.550,237.540,60.027,240.062,71.135,228.955,112.636,187.453
"000:40:30.929","","","","","","ZONE_COUNTERS",42,41,38,38,42,43,53,53
"000:40:30.929","","","","","","","ARENA1","ARENA2","ARENA3","ARENA4"
"000:40:30.929","","","","","","TOTAL_ARENA_DISTANCES",30592,37586,26142,34447
"000:45:30.980","","","","BASELINE","UNIT3","VARIABLE","ARENA1_ZONE1_ORACS","ARENA1_ZONE2_MAGNON","ARENA2_ZONE1_ORACS","ARENA2_ZONE2_MAGNON","ARENA3_ZONE1_ORACS","ARENA3_ZONE2_MAGNON","ARENA4_ZONE1_ORACS","ARENA4_ZONE2_MAGNON"
"000:45:30.980","","","","","","ZONE_DISTANCES",18276,15413,29734,2756,19535,6452,17689,18186
"000:45:30.981","","","","","","ZONE_TIMERS",155.926,144.125,276.008,24.044,237.033,63.019,140.953,159.099
"000:45:30.981","","","","","","ZONE_COUNTERS",51,51,22,22,35,35,46,47
"000:45:30.982","","","","","","","ARENA1","ARENA2","ARENA3","ARENA4"
"000:45:30.982","","","","","","TOTAL_ARENA_DISTANCES",33690,32490,25986,35875
"000:50:31.068","","","","BASELINE","UNIT4","VARIABLE","ARENA1_ZONE1_MAGNON","ARENA1_ZONE2_ORACS","ARENA2_ZONE1_MAGNON","ARENA2_ZONE2_ORACS","ARENA3_ZONE1_MAGNON","ARENA3_ZONE2_ORACS","ARENA4_ZONE1_MAGNON","ARENA4_ZONE2_ORACS"
"000:50:31.069","","","","","","ZONE_DISTANCES",10909,21411,1783,31710,10211,17225,12561,19450
"000:50:31.070","","","","","","ZONE_TIMERS",87.160,212.927,14.889,285.198,75.756,224.330,79.453,220.633
"000:50:31.070","","","","","","ZONE_COUNTERS",51,51,13,13,39,39,46,47
"000:50:31.071","","","","","","","ARENA1","ARENA2","ARENA3","ARENA4"
"000:50:31.072","","","","","","TOTAL_ARENA_DISTANCES",32319,33493,27436,32010
"000:55:31.126","","","","BASELINE","UNIT5","VARIABLE","ARENA1_ZONE1_ORACS","ARENA1_ZONE2_MAGNON","ARENA2_ZONE1_ORACS","ARENA2_ZONE2_MAGNON","ARENA3_ZONE1_ORACS","ARENA3_ZONE2_MAGNON","ARENA4_ZONE1_ORACS","ARENA4_ZONE2_MAGNON"
"000:55:31.127","","","","","","ZONE_DISTANCES",20385,15309,27815,775,18659,9173,15411,17991
"000:55:31.127","","","","","","ZONE_TIMERS",168.189,131.868,293.634,6.424,218.746,81.312,102.492,197.566
"000:55:31.128","","","","","","ZONE_COUNTERS",56,56,3,3,38,38,46,47
"000:55:31.128","","","","","","","ARENA1","ARENA2","ARENA3","ARENA4"
"000:55:31.128","","","","","","TOTAL_ARENA_DISTANCES",35695,28590,27832,33403
"001:00:31.205","","","","BASELINE","UNIT6","VARIABLE","ARENA1_ZONE1_MAGNON","ARENA1_ZONE2_ORACS","ARENA2_ZONE1_MAGNON","ARENA2_ZONE2_ORACS","ARENA3_ZONE1_MAGNON","ARENA3_ZONE2_ORACS","ARENA4_ZONE1_MAGNON","ARENA4_ZONE2_ORACS"
"001:00:31.205","","","","","","ZONE_DISTANCES",14862,30074,10344,40892,12500,19441,13315,19730
"001:00:31.205","","","","","","ZONE_TIMERS",82.569,217.508,58.116,241.961,82.892,217.185,81.824,218.253
"001:00:31.206","","","","","","ZONE_COUNTERS",64,65,44,44,42,42,45,46
"001:00:31.206","","","","","","","ARENA1","ARENA2","ARENA3","ARENA4"
"001:00:31.207","","","","","","TOTAL_ARENA_DISTANCES",44936,51236,31942,33045
"001:00:31.301","","","","BASELINE","TOTAL6UNITS","VARIABLE","ARENA1_ZONE1","ARENA1_ZONE2","ARENA2_ZONE1","ARENA2_ZONE2","ARENA3_ZONE1","ARENA3_ZONE2","ARENA4_ZONE1","ARENA4_ZONE2"
"001:00:31.301","","","","","","ZONE_DISTANCES",90591,122548,104881,110593,84758,84132,87462,117789
"001:00:31.302","","","","","","ZONE_TIMERS",708.140,1092.283,958.173,842.250,848.551,951.871,645.028,1155.395
"001:00:31.302","","","","","","ZONE_COUNTERS",311,311,143,143,231,231,279,280
"001:00:31.303","","","","","","","ARENA1","ARENA2","ARENA3","ARENA4"
"001:00:31.303","","","","","","TOTAL_ARENA_DISTANCES",213139,215473,168890,205251
"001:03:03.223","","","","PROBE","PROBE1","VARIABLE","ARENA1_ZONE1_ORACS","ARENA1_ZONE2_MAGNON","ARENA2_ZONE1_ORACS","ARENA2_ZONE2_MAGNON","ARENA3_ZONE1_ORACS","ARENA3_ZONE2_MAGNON","ARENA4_ZONE1_ORACS","ARENA4_ZONE2_MAGNON"
"001:03:03.223","","","","","","ZONE_DISTANCES",69,0,5885,718,5316,4659,4966,5742
"001:03:03.224","","","","","","ZONE_TIMERS",60.059,0.000,56.246,3.813,33.917,26.141,28.920,31.138
"001:03:03.224","","","","","","ZONE_COUNTERS",1,0,2,2,16,15,16,17
"001:03:03.225","","","","","","","ARENA1","ARENA2","ARENA3","ARENA4"
"001:03:03.225","","","","","","TOTAL_ARENA_DISTANCES",69,6603,9975,10708
"001:04:03.278","","","","PROBE","PROBE2","VARIABLE","ARENA1_ZONE1_MAGNON","ARENA1_ZONE2_ORACS","ARENA2_ZONE1_MAGNON","ARENA2_ZONE2_ORACS","ARENA3_ZONE1_MAGNON","ARENA3_ZONE2_ORACS","ARENA4_ZONE1_MAGNON","ARENA4_ZONE2_ORACS"
"001:04:03.279","","","","","","ZONE_DISTANCES",19,0,1165,6565,2605,4471,3833,4693
"001:04:03.280","","","","","","ZONE_TIMERS",60.055,0.000,10.032,50.022,18.980,41.075,19.154,40.900
"001:04:03.282","","","","","","ZONE_COUNTERS",1,0,7,7,12,11,12,13
"001:04:03.283","","","","","","","ARENA1","ARENA2","ARENA3","ARENA4"
"001:04:03.283","","","","","","TOTAL_ARENA_DISTANCES",19,7730,7076,8526
"001:05:03.335","","","","PROBE","PROBE3","VARIABLE","ARENA1_ZONE1_ORACS","ARENA1_ZONE2_MAGNON","ARENA2_ZONE1_ORACS","ARENA2_ZONE2_MAGNON","ARENA3_ZONE1_ORACS","ARENA3_ZONE2_MAGNON","ARENA4_ZONE1_ORACS","ARENA4_ZONE2_MAGNON"
"001:05:03.336","","","","","","ZONE_DISTANCES",26,0,6354,398,4770,1964,5087,5487
"001:05:03.336","","","","","","ZONE_TIMERS",60.057,0.000,57.503,2.554,44.297,15.759,29.552,30.504
"001:05:03.337","","","","","","ZONE_COUNTERS",1,0,1,1,11,11,16,17
"001:05:03.337","","","","","","","ARENA1","ARENA2","ARENA3","ARENA4"
"001:05:03.337","","","","","","TOTAL_ARENA_DISTANCES",27,6752,6734,10574
"001:06:03.410","","","","PROBE","PROBE4","VARIABLE","ARENA1_ZONE1_MAGNON","ARENA1_ZONE2_ORACS","ARENA2_ZONE1_MAGNON","ARENA2_ZONE2_ORACS","ARENA3_ZONE1_MAGNON","ARENA3_ZONE2_ORACS","ARENA4_ZONE1_MAGNON","ARENA4_ZONE2_ORACS"
"001:06:03.411","","","","","","ZONE_DISTANCES",5680,3744,1229,8973,606,4000,1897,5020
"001:06:03.411","","","","","","ZONE_TIMERS",50.251,9.824,7.304,52.770,6.150,53.924,13.545,46.529
"001:06:03.412","","","","","","ZONE_COUNTERS",15,14,8,7,4,5,8,8
"001:06:03.412","","","","","","","ARENA1","ARENA2","ARENA3","ARENA4"
"001:06:03.412","","","","","","TOTAL_ARENA_DISTANCES",9424,10202,4606,6918
"001:07:03.476","","","","PROBE","PROBE5","VARIABLE","ARENA1_ZONE1_ORACS","ARENA1_ZONE2_MAGNON","ARENA2_ZONE1_ORACS","ARENA2_ZONE2_MAGNON","ARENA3_ZONE1_ORACS","ARENA3_ZONE2_MAGNON","ARENA4_ZONE1_ORACS","ARENA4_ZONE2_MAGNON"
"001:07:03.477","","","","","","ZONE_DISTANCES",31,0,6757,446,2947,1885,3791,3247
"001:07:03.477","","","","","","ZONE_TIMERS",60.066,0.000,57.190,2.875,38.651,21.414,32.354,27.711
"001:07:03.478","","","","","","ZONE_COUNTERS",1,0,2,1,6,7,10,10
"001:07:03.478","","","","","","","ARENA1","ARENA2","ARENA3","ARENA4"
"001:07:03.478","","","","","","TOTAL_ARENA_DISTANCES",31,7203,4832,7038
"001:07:03.573","","","","PROBE","TOTALPROBE","VARIABLE","ARENA1_ZONE1","ARENA1_ZONE2","ARENA2_ZONE1","ARENA2_ZONE2","ARENA3_ZONE1","ARENA3_ZONE2","ARENA4_ZONE1","ARENA4_ZONE2"
"001:07:03.573","","","","","","ZONE_DISTANCES",5825,3744,21390,17100,16244,16979,19574,24189
"001:07:03.574","","","","","","ZONE_TIMERS",290.488,9.824,188.276,112.036,141.997,158.314,123.527,176.785
"001:07:03.574","","","","","","ZONE_COUNTERS",15,14,17,17,47,47,61,62
"001:07:03.574","","","","","","","ARENA1","ARENA2","ARENA3","ARENA4"
"001:07:03.575","","","","","","TOTAL_ARENA_DISTANCES",9570,38490,33223,43763
"001:07:03.575","Info","2019-07-01 01:30:20","Service 'ORAMAG' : Execution end"
